"av_code","codigo_antiguo","nombre","titulo_copy1","descripcion_copy2","texto_principal_copy3","url_meta","url_youtube"
"AV001","AV0100","GENERAL","¿Trabajas, ahorras, haces “lo correcto”… pero sigues sintiendo que no es suficiente?","Tu esfuerzo diario no se refleja en tu cuenta. Y eso no debería ser normal.","Esta semana puede ser el punto de inflexión entre seguir sobreviviendo… o empezar a construir.","https://lainversionsiesparati.com/av001/?r={{ad.id}}","https://lainversionsiesparati.com/av001/?r=AY{creative}"
"AV002","AV2000","AUTÓNOMOS","Cuando eres autónomo, el futuro también hay que trabajarlo.","No puedes permitirte no pensar en lo que viene.","Esta semana es para quienes no tienen red de seguridad.","https://lainversionsiesparati.com/av002/?r={{ad.id}}","https://lainversionsiesparati.com/av002/?r=AY{creative}"
"AV003","AV0400","EMPRENDEDORES","Tu negocio crece… pero tu tranquilidad sigue estancada.","Emprender no debería sentirse como vivir al borde del colapso.","Tu proyecto ya está en marcha. Esta semana es para hacer que tu dinero también empiece a funcionar.","https://lainversionsiesparati.com/av003/?r={{ad.id}}","https://lainversionsiesparati.com/av003/?r=AY{creative}"
"AV004","AV0500","FAMILIAS","Cuidas de todos… pero no sabes si estás construyendo algo estable para el futuro.","No solo se trata de llegar a fin de mes, sino de tener un rumbo.","Esta semana puedes empezar a cuidar tus finanzas como cuidas a los tuyos: con responsabilidad y constancia.","https://lainversionsiesparati.com/av004/?r={{ad.id}}","https://lainversionsiesparati.com/av004/?r=AY{creative}"
"AV005","AV1500","PAREJAS","La inversión no es individual: puede ser el proyecto común que os una.","Hablar de dinero también es hablar de futuro.","Esta semana es una oportunidad para dejar de sobrevivir y empezar a construir juntos.","https://lainversionsiesparati.com/av005/?r={{ad.id}}","https://lainversionsiesparati.com/av005/?r=AY{creative}"
"AV006","AV1600","PERSONAS ENDEUDADAS","Salir de las deudas empieza entendiendo el juego del dinero.","Las deudas pueden agobiarte, pero no te definen.","La Semana de la Inversión puede ser ese primer paso que nunca nadie te enseñó a dar.","https://lainversionsiesparati.com/av006/?r={{ad.id}}","https://lainversionsiesparati.com/av006/?r=AY{creative}"
"AV007","AV2731","FREELANCERS QUE QUIEREN DEJAR DE VIVIR AL DÍA","Trabajas sin jefes, sin horarios… pero también sin una base económica real.","La libertad sin estructura también cansa.","Esta semana es para quienes viven con libertad… y quieren sostenerla sin incertidumbre.","https://lainversionsiesparati.com/av007/?r={{ad.id}}","https://lainversionsiesparati.com/av007/?r=AY{creative}"
"AV008","AV0600","FUNCIONARIOS","Tienes estabilidad… pero sientes que siempre estás en el mismo sitio.","La plaza no te protege del estancamiento financiero.","Esta semana es para quienes tienen seguridad… pero sienten que ya es momento de crecer por cuenta propia.","https://lainversionsiesparati.com/av008/?r={{ad.id}}","https://lainversionsiesparati.com/av008/?r=AY{creative}"
"AV009","AV2747","PADRES Y MADRES QUE QUIEREN INVERTIR EN EL FUTURO DE SUS HIJOS","Te esfuerzas cada día por darles lo mejor… pero sientes que su futuro aún no está asegurado.","Invertir en ti es también invertir en ellos. Su tranquilidad empieza por la tuya.","Esta semana es para quienes no solo educan con amor… también quieren educar con inteligencia financiera.","https://lainversionsiesparati.com/av009/?r={{ad.id}}","https://lainversionsiesparati.com/av009/?r=AY{creative}"
"AV010","AV0501","PADRES SOLTEROS","Lo das todo por tu hijo… pero no sabes cómo organizar lo tuyo sin renunciar a más.","Sostener solo también significa aprender a no quedarte sin nada para ti.","Esta semana es para los que crían solos y quieren darle lo mejor a sus hijos… pero sin olvidar su propio futuro.","https://lainversionsiesparati.com/av010/?r={{ad.id}}","https://lainversionsiesparati.com/av010/?r=AY{creative}"
"AV011","AV2500","PERSONAS DESEMPLEADAS O EN BUSCA DE TRABAJO","No siempre se trata de buscar trabajo, sino de crear nuevas oportunidades.","El mercado laboral puede ser incierto, pero tú tienes el poder de construir algo más.","La Semana de la Inversión puede ser tu puerta a un ingreso que no dependa de un jefe.","https://lainversionsiesparati.com/av011/?r={{ad.id}}","https://lainversionsiesparati.com/av011/?r=AY{creative}"
"AV012","AV2707","ADULTOS DEPENDIENTES ECONÓMICAMENTE DE SUS PADRES","¿Te pesa seguir pidiendo ayuda a tus padres cuando hay gastos imprevistos?","Una decisión puede empezar a darte el control que nunca sentiste.","Si ya no quieres seguir dependiendo, esta semana es para ti.","https://lainversionsiesparati.com/av012/?r={{ad.id}}","https://lainversionsiesparati.com/av012/?r=AY{creative}"
"AV013","AV2708","ADULTOS QUE SIENTEN QUE HAN PERDIDO TIEMPO Y QUIEREN RECUPERAR","¿Sientes que vas tarde para todo… incluso para empezar a vivir bien?","Lo que no hiciste antes, aún puedes hacerlo ahora.","Esta semana es tu oportunidad de recuperar terreno.","https://lainversionsiesparati.com/av013/?r={{ad.id}}","https://lainversionsiesparati.com/av013/?r=AY{creative}"
"AV014","AV2709","AHORRADORES CON DINERO PARADO EN EL BANCO","Tu dinero quieto en el banco también te está costando oportunidades.","Estás perdiendo más por no moverlo que por arriesgarlo.","Si te inquieta no avanzar, esta semana es el primer paso.","https://lainversionsiesparati.com/av014/?r={{ad.id}}","https://lainversionsiesparati.com/av014/?r=AY{creative}"
"AV015","AV2741","MUJERES CON DEPENDENCIA ECONÓMICA","Depender de otros para tomar decisiones duele más que la cifra de tu cuenta bancaria.","Tu libertad también se construye aprendiendo a manejar tu dinero.","Esta semana es para las que quieren dejar de pedir permiso y empezar a tomar sus propias decisiones.","https://lainversionsiesparati.com/av015/?r={{ad.id}}","https://lainversionsiesparati.com/av015/?r=AY{creative}"
"AV016","AV2742","MUJERES EMPRENDEDORAS","Has creado tu propio negocio, pero tus finanzas personales siguen sin despegar.","Tu éxito profesional no debería construirse sobre la inestabilidad económica.","Esta semana es para las que emprendieron, pero aún no tienen libertad financiera.","https://lainversionsiesparati.com/av016/?r={{ad.id}}","https://lainversionsiesparati.com/av016/?r=AY{creative}"
"AV017","AV2778","MADRES Y PADRES","Sois padres jóvenes… y ya cargáis con más presión de la que os toca.","Queréis darles lo mejor, pero aún estáis empezando a crear vuestra propia vida.","Esta semana es para quienes crían desde el amor, y construyen desde cero.","https://lainversionsiesparati.com/av017/?r={{ad.id}}","https://lainversionsiesparati.com/av017/?r=AY{creative}"
"AV018","AV2738","JÓVENES CON SUS PRIMEROS AHORROS (25-35 AÑOS)","Tienes algo ahorrado… pero no sabes por dónde empezar.","Guardarlo no te hará avanzar.","Esta semana es para quienes quieren usar bien su primer paso.","https://lainversionsiesparati.com/av018/?r={{ad.id}}","https://lainversionsiesparati.com/av018/?r=AY{creative}"
"AV019","AV2739","JÓVENES RECIÉN INDEPENDIZADOS","Has empezado tu vida adulta y ya sientes que el dinero no alcanza para todo.","Tu independencia no debería sentirse como una lucha contra los gastos del mes.","Esta semana es para quienes no quieren renunciar a su libertad, ni vivir con el agua al cuello.","https://lainversionsiesparati.com/av019/?r={{ad.id}}","https://lainversionsiesparati.com/av019/?r=AY{creative}"
"AV020","AV0502","MADRES SOLTERAS","Has salido adelante sola… pero aún no sabes cómo avanzar sin miedo a que falte.","Criar sola es difícil. Vivir con el dinero al límite, también.","Esta semana puede ser el inicio de un plan que te dé estabilidad sin tener que depender de nadie.","https://lainversionsiesparati.com/av020/?r={{ad.id}}","https://lainversionsiesparati.com/av020/?r=AY{creative}"
"AV021","AV0700","NÓMADAS DIGITALES","Tu libertad no tiene por qué estar reñida con la inteligencia.","Has diseñado una vida sin jefes ni rutinas.","La Semana de la Inversión es tu mapa hacia esa vida sostenible.","https://lainversionsiesparati.com/av021/?r={{ad.id}}","https://lainversionsiesparati.com/av021/?r=AY{creative}"
"AV022","AV2701","PERSONAS EN SUS 20S","Tienes el tiempo a tu favor, pero nadie te enseñó cómo hacer que tu dinero crezca contigo.","Este es el momento de aprender lo que nunca te contaron.","Esta semana es para quienes no quieren esperar a tener mucho… para empezar a hacerlo bien con su dinero.","https://lainversionsiesparati.com/av022/?r={{ad.id}}","https://lainversionsiesparati.com/av022/?r=AY{creative}"
"AV023","AV2702","PERSONAS EN SUS 30S","Empieza a ver que sin una buena educación financiera, siempre irá apagando fuegos.","Tu futuro empieza ahora, no mañana.","Descubre la semana de la inversión como el primer paso para desbloquear su potencial.","https://lainversionsiesparati.com/av023/?r={{ad.id}}","https://lainversionsiesparati.com/av023/?r=AY{creative}"
"AV024","AV2703","PERSONAS EN SUS 40S","Conectar con la inversión ya no es un lujo, es una urgencia.","Recuperar el control y sentir que lo que construyes ahora de verdad vale la pena.","En tus 40s, sabes lo que significa trabajar duro, pero ahora es el momento de trabajar de forma más inteligente.","https://lainversionsiesparati.com/av024/?r={{ad.id}}","https://lainversionsiesparati.com/av024/?r=AY{creative}"
"AV025","AV2704","PERSONAS EN SUS 50S","La educación financiera no tiene edad.","A lo largo de los años, has trabajado para otros.","La semana de la inversión es una oportunidad real, concreta, y posible.","https://lainversionsiesparati.com/av025/?r={{ad.id}}","https://lainversionsiesparati.com/av025/?r=AY{creative}"
"AV026","AV2705","PERSONAS EN SUS 60S","Descubre que aún puede tomar buenas decisiones financieras.","Tus 60s son para disfrutar, pero para hacerlo, necesitas seguridad.","La semana de la inversión es una luz en el camino.","https://lainversionsiesparati.com/av026/?r={{ad.id}}","https://lainversionsiesparati.com/av026/?r=AY{creative}"
"AV027","AV2706","PERSONAS EN SUS 70S","Aunque no vayan a hacer grandes inversiones, pueden entender cómo funciona el dinero.","En tus 70s, tienes la experiencia y la visión.","La semana de la inversión es una forma amable y clara de lograrlo.","https://lainversionsiesparati.com/av027/?r={{ad.id}}","https://lainversionsiesparati.com/av027/?r=AY{creative}"
"AV028","AV2710","ASESORES FISCALES / LABORALES","Ayudas a otros a organizar su dinero… ¿y tú, ya ordenaste el tuyo?","Lo que sabes de números no basta para que tu dinero crezca.","Descubre cómo invertir, aunque seas quien da los consejos.","https://lainversionsiesparati.com/av028/?r={{ad.id}}","https://lainversionsiesparati.com/av028/?r=AY{creative}"
"AV029","AV2779","INVERSORES","Ya eres inversor, pero a veces dudas de si estás construyendo futuro o solo moviendo dinero.","Invertir bien no es hacer más. Es hacer con intención.","Esta semana es para quienes ya invierten, pero están en búsqueda de una estrategia sólida y alineada con su vida.","https://lainversionsiesparati.com/av029/?r={{ad.id}}","https://lainversionsiesparati.com/av029/?r=AY{creative}"
"AV030","AV1906","BOMBEROS","Eres un héroe que cuida de todos… pero, ¿quién cuida de ti?","Tu tranquilidad financiera también puede entrenarse.","Tu dedicación y sacrificio son incomparables, pero es hora de que tu esfuerzo no solo se traduzca en adrenalina.","https://lainversionsiesparati.com/av030/?r={{ad.id}}","https://lainversionsiesparati.com/av030/?r=AY{creative}"
"AV031","AV0300","CANALIZADORES","Sabes cómo funciona la vida… pero no cómo hacer que tu dinero evolucione.","El conocimiento sin estrategia no transforma tu futuro.","Esta semana te muestra una forma lógica de crecer financieramente.","https://lainversionsiesparati.com/av031/?r={{ad.id}}","https://lainversionsiesparati.com/av031/?r=AY{creative}"
"AV032","AV2717","CAZADORES DE RENTABILIDAD SIN FORMACIÓN FINANCIERA","Si sigues buscando el “siguiente pelotazo”, esto te va a incomodar.","No es suerte. Es estrategia y método.","Esta semana te enseña cómo dejar de improvisar.","https://lainversionsiesparati.com/av032/?r={{ad.id}}","https://lainversionsiesparati.com/av032/?r=AY{creative}"
"AV033","AV0200","DESARROLLO PERSONAL","Has trabajado tu mente, tu energía, tu historia… pero tu dinero sigue bloqueado.","No hay evolución completa si tus finanzas te siguen doliendo.","Ya has hecho el trabajo interno. Esta semana es para que tu relación con el dinero también evolucione.","https://lainversionsiesparati.com/av033/?r={{ad.id}}","https://lainversionsiesparati.com/av033/?r=AY{creative}"
"AV034","AV2727","EMPLEADOS DE BANCA O SEGUROS QUE QUIEREN INVERTIR POR SU CUENTA","Llevas años viendo el sistema por dentro.","Sabes cómo se mueve el dinero desde dentro, y eso te da una ventaja única.","La Semana de la Inversión puede darte las claves que te faltan para convertir tu conocimiento técnico en libertad personal.","https://lainversionsiesparati.com/av034/?r={{ad.id}}","https://lainversionsiesparati.com/av034/?r=AY{creative}"
"AV035","AV2735","INVERSORES EN FONDOS INDEXADOS (INDEXA / MYINVESTOR)","Ya diste el primer paso… pero sabes que algo más podrías estar haciendo.","Lo simple funciona, pero ¿es suficiente?","Esta semana es para quienes quieren ir más allá del promedio.","https://lainversionsiesparati.com/av035/?r={{ad.id}}","https://lainversionsiesparati.com/av035/?r=AY{creative}"
"AV036","AV2736","INVERSORES INMOBILIARIOS","Ya juegas con el ladrillo, pero tu dinero sigue atrapado en un solo modelo.","Diversificar no es complicarse. Es protegerse.","Esta semana te muestra otra forma de rentabilizar con sentido.","https://lainversionsiesparati.com/av036/?r={{ad.id}}","https://lainversionsiesparati.com/av036/?r=AY{creative}"
"AV037","AV2753","PERSONAS CON MIEDO A LA INFLACIÓN COMIÉNDOSE SUS AHORROS","Tu dinero duerme en el banco… mientras los precios suben y tus ahorros valen cada vez menos.","No pierdas valor sin darte cuenta. Es hora de aprender a proteger lo que ya has conseguido.","Esta semana es para quienes no quieren ver cómo su esfuerzo se evapora año tras año.","https://lainversionsiesparati.com/av037/?r={{ad.id}}","https://lainversionsiesparati.com/av037/?r=AY{creative}"
"AV038","AV2400","PERSONAS CON CARGO DE LIDERAZGO","Ayudas a otros a fortalecerse… pero tu dinero sigue débil.","No es esfuerzo físico, es dirección financiera.","Esta semana es para quienes saben entrenar… y ahora quieren avanzar.","https://lainversionsiesparati.com/av038/?r={{ad.id}}","https://lainversionsiesparati.com/av038/?r=AY{creative}"
"AV039","AV2754","PERSONAS QUE HAN RECIBIDO UNA INDEMNIZACIÓN","Has recibido una indemnización… pero no sabes cómo usar ese dinero sin miedo a perderlo.","No dejes que una oportunidad única se convierta en un problema a largo plazo.","Esta semana es para quienes quieren transformar una indemnización en una base sólida para el futuro.","https://lainversionsiesparati.com/av039/?r={{ad.id}}","https://lainversionsiesparati.com/av039/?r=AY{creative}"
"AV040","AV2755","PERSONAS QUE INVIRTIERON MAL Y TIENEN MIEDO A VOLVER A HACERLO","Una mala inversión te marcó… y desde entonces prefieres no arriesgar, aunque eso te frene.","Aprende ahora cómo hacerlo bien y empieza a tomar decisiones que te den resultados reales.","Esta semana es para quienes tropezaron una vez… pero aún no han perdido las ganas de levantarse.","https://lainversionsiesparati.com/av040/?r={{ad.id}}","https://lainversionsiesparati.com/av040/?r=AY{creative}"
"AV041","AV2756","PERSONAS QUE PIENSAN QUE INVERTIR ES SOLO PARA RICOS","Crees que invertir es solo para quienes ya tienen mucho… y eso te deja siempre fuera del juego.","No necesitas miles. Solo saber por dónde empezar y cómo hacerlo bien.","Esta semana es para quienes quieren aprender a invertir… sin importar cuánto tengan hoy en el banco.","https://lainversionsiesparati.com/av041/?r={{ad.id}}","https://lainversionsiesparati.com/av041/?r=AY{creative}"
"AV042","AV2757","PERSONAS QUE QUIEREN EMPEZAR A INVERTIR Y NO SABEN POR DÓNDE","Sabes que es momento de mover tu dinero… pero no entiendes ni el primer paso del camino.","No necesitas ser experto. Solo alguien que te enseñe desde cero y sin humo.","Esta semana es para quienes no buscan fórmulas mágicas… solo claridad para empezar.","https://lainversionsiesparati.com/av042/?r={{ad.id}}","https://lainversionsiesparati.com/av042/?r=AY{creative}"
"AV043","AV2758","PERSONAS QUE SOLO CONFÍAN EN EL LADRILLO Y NO CONOCEN MÁS","Siempre te han dicho que lo seguro es el ladrillo… y por eso no miras más allá.","No se trata de dejarlo. Se trata de abrir nuevas posibilidades sin ponerlo en riesgo.","Esta semana es para quienes han invertido en propiedades, pero creen que su dinero podría hacer algo más.","https://lainversionsiesparati.com/av043/?r={{ad.id}}","https://lainversionsiesparati.com/av043/?r=AY{creative}"
"AV044","AV2759","PERSONAS QUE YA HICIERON CURSOS DE INVERSIÓN PERO NO ACCIONARON","Has hecho formaciones, cursos, talleres… pero tu dinero aún sigue quieto.","Saber sin actuar no cambia tu futuro. Pero esta vez, sí hay un paso claro.","Esta semana es para quienes ya aprendieron teoría… y ahora están listos para moverse.","https://lainversionsiesparati.com/av044/?r={{ad.id}}","https://lainversionsiesparati.com/av044/?r=AY{creative}"
"AV045","AV2760","PERSONAS CON HERENCIAS","Has recibido una herencia y sabes que no puedes permitirte malgastarla o dejarla sin rumbo.","Tomar buenas decisiones hoy puede marcar tu tranquilidad del mañana.","Esta semana es para quienes quieren proteger lo que otros construyeron… y hacerlo crecer con sentido.","https://lainversionsiesparati.com/av045/?r={{ad.id}}","https://lainversionsiesparati.com/av045/?r=AY{creative}"
"AV046","AV1100","PERSONAS JUBILADAS","Terminaste de trabajar, pero no de preocuparte por el dinero.","Tras años de esfuerzo, mereces algo más que una pensión que apenas te alcanza.","Esta semana puedes descubrir cómo hacer que tus ahorros trabajen… y encontrar por fin la calma que buscas.","https://lainversionsiesparati.com/av046/?r={{ad.id}}","https://lainversionsiesparati.com/av046/?r=AY{creative}"
"AV047","AV2761","INVERSORES EN CRIPTOMONEDAS QUE QUIEREN DIVERSIFICAR","Ya diste el salto a cripto… pero sabes que ponerlo todo en un solo sitio también es un riesgo.","Diversificar no es dudar. Es proteger todo lo que ya lograste.","Esta semana es para quienes entraron en cripto con ganas… pero quieren tener más que una sola apuesta.","https://lainversionsiesparati.com/av047/?r={{ad.id}}","https://lainversionsiesparati.com/av047/?r=AY{creative}"
"AV048","AV2777","NUEVOS INVERSORES BLOQUEADOS POR CREENCIAS O FALTA DE ACCIÓN","Sabes que tienes que empezar, pero algo dentro de ti sigue apagando ese impulso.","El primer paso no es técnico. Es mental.","Esta semana es para quienes quieren invertir… pero primero necesitan desbloquearse por dentro.","https://lainversionsiesparati.com/av048/?r={{ad.id}}","https://lainversionsiesparati.com/av048/?r=AY{creative}"
"AV049","AV2100","APUESTAS / INVERSIONES ARRIESGADAS","Si ya perdiste dinero intentando “ganar rápido”, esto te va a sorprender.","No se trata de suerte ni de jugársela.","Esta vez vas a entender cómo se invierte con cabeza.","https://lainversionsiesparati.com/av049/?r={{ad.id}}","https://lainversionsiesparati.com/av049/?r=AY{creative}"
"AV050","AV2711","AUXILIARES ADMINISTRATIVOS","Gestionas tareas, horarios y presupuestos… pero tu propio dinero se te sigue escapando.","No debería costarte tanto organizar lo más importante: tus finanzas personales.","Esta semana es para quienes controlan el trabajo… pero quieren controlar también su dinero.","https://lainversionsiesparati.com/av050/?r={{ad.id}}","https://lainversionsiesparati.com/av050/?r=AY{creative}"
"AV051","AV2712","AUXILIARES DE GERIATRÍA","Estás siempre al cuidado… pero tu futuro económico aún no tiene atención.","Tu entrega merece más que vivir al límite.","Esta semana es para quienes dan todo y reciben poco a cambio.","https://lainversionsiesparati.com/av051/?r={{ad.id}}","https://lainversionsiesparati.com/av051/?r=AY{creative}"
"AV052","AV2713","AUXILIARES DE SERVICIOS HOSPITALARIOS","Das todo en cada turno, pero tu esfuerzo no te asegura tranquilidad.","Mereces más que sobrevivir con tu trabajo.","Esta semana te enseña otra forma de construir futuro.","https://lainversionsiesparati.com/av052/?r={{ad.id}}","https://lainversionsiesparati.com/av052/?r=AY{creative}"
"AV053","AV1902","BAILARINES","Tu pasión mueve el cuerpo… pero, ¿y tu tranquilidad financiera?","Puedes crear estabilidad sin dejar tu arte.","Esta semana es para artistas que también quieren seguridad.","https://lainversionsiesparati.com/av053/?r={{ad.id}}","https://lainversionsiesparati.com/av053/?r=AY{creative}"
"AV054","AV2714","BIÓLOGOS","Sabes lo que ofrecen los productos… pero no cómo mover tu propio dinero con libertad.","Lo que vendes no siempre es lo que harías para ti.","Esta semana es para quienes quieren dejar de depender del sistema.","https://lainversionsiesparati.com/av054/?r={{ad.id}}","https://lainversionsiesparati.com/av054/?r=AY{creative}"
"AV055","AV2715","CAMAREROS Y AYUDANTES DE COCINA","Sirves a diario a cientos… pero, ¿quién te sirve un futuro más tranquilo?","No necesitas ganar más, necesitas moverte distinto.","Esta semana es para quienes ya no quieren vivir al día.","https://lainversionsiesparati.com/av055/?r={{ad.id}}","https://lainversionsiesparati.com/av055/?r=AY{creative}"
"AV056","AV2716","CARTÓGRAFOS Y TOPÓGRAFOS","Trazas caminos sobre el terreno… ¿y el de tu dinero, lo tienes claro?","El mapa hacia una vida más estable existe.","Esta semana te ayuda a orientarte hacia un mejor destino.","https://lainversionsiesparati.com/av056/?r={{ad.id}}","https://lainversionsiesparati.com/av056/?r=AY{creative}"
"AV057","AV1907","CLOSER","Eres experto en convencer, pero aún no has conseguido que tu dinero trabaje por ti.","Tú conviertes… ahora haz que tu dinero también lo haga.","Esta semana es para quienes viven de campañas… pero aún no lanzaron la suya hacia la libertad.","https://lainversionsiesparati.com/av057/?r={{ad.id}}","https://lainversionsiesparati.com/av057/?r=AY{creative}"
"AV058","AV1905","COACH","Acompañas procesos de cambio… pero el tuyo financiero sigue en pausa.","También mereces sostén más allá del mindset.","Esta semana es para quienes dan guía… y también la necesitan.","https://lainversionsiesparati.com/av058/?r={{ad.id}}","https://lainversionsiesparati.com/av058/?r=AY{creative}"
"AV059","AV2718","COMERCIALES Y REPRESENTANTES","Cierras ventas para otros… pero tu dinero sigue sin cerrar bien el mes.","Vendes transformación. Es hora de aplicar la tuya.","Esta semana es para los que ya saben mover palabras… y quieren mover dinero.","https://lainversionsiesparati.com/av059/?r={{ad.id}}","https://lainversionsiesparati.com/av059/?r=AY{creative}"
"AV060","AV2719","CONDUCTORES Y REPARTIDORES","Vas de un lugar a otro sin parar… pero tu dinero sigue sin avanzar.","El cansancio no te asegura estabilidad.","Esta semana es para quienes se mueven mucho… y quieren dejar de correr.","https://lainversionsiesparati.com/av060/?r={{ad.id}}","https://lainversionsiesparati.com/av060/?r=AY{creative}"
"AV061","AV2720","CONSUMIDORES DE CONTENIDO SOBRE DINERO (VÍDEOS, LIBROS, GURÚS FINANCIEROS)","Si ya viste, leíste y escuchaste de todo… pero aún no hiciste nada real.","La información sin acción solo te desgasta.","Esta semana te lleva del “saber” al “hacer”.","https://lainversionsiesparati.com/av061/?r={{ad.id}}","https://lainversionsiesparati.com/av061/?r=AY{creative}"
"AV062","AV2721","CUIDADORES / ASISTENTES SOCIALES","Cuidas la vida de otros… ¿y la tuya, quién la cuida a largo plazo?","También mereces pensar en tu bienestar.","Esta semana es para quienes siempre dejan lo suyo al final.","https://lainversionsiesparati.com/av062/?r={{ad.id}}","https://lainversionsiesparati.com/av062/?r=AY{creative}"
"AV063","AV0807","DENTISTAS","Cuidas cada detalle de una sonrisa… pero no de tu tranquilidad financiera.","La precisión que pones en cada paciente también la merece tu dinero.","Esta semana es para quienes trabajan entre piezas y revisiones… y no quieren que su futuro siga en lista de espera.","https://lainversionsiesparati.com/av063/?r={{ad.id}}","https://lainversionsiesparati.com/av063/?r=AY{creative}"
"AV064","AV2722","DEPENDIENTES FARMACÉUTICOS / PARAFARMACIA","Ayudas a otros a cuidarse… pero tu dinero aún no tiene receta.","Tu sueldo no basta si no se mueve con intención.","Esta semana te da una fórmula diferente.","https://lainversionsiesparati.com/av064/?r={{ad.id}}","https://lainversionsiesparati.com/av064/?r=AY{creative}"
"AV065","AV2723","DEPENDIENTES Y CAJEROS","Manejas el dinero de otros todos los días… pero el tuyo sigue igual.","Ya es hora de pensar más allá del próximo turno.","Esta semana es para quienes quieren dejar de contar con lo justo.","https://lainversionsiesparati.com/av065/?r={{ad.id}}","https://lainversionsiesparati.com/av065/?r=AY{creative}"
"AV066","AV1700","DEPORTISTAS PROFESIONALES","El cuerpo te da todo… pero el dinero no dura si no se mueve bien.","La energía se acaba. La estrategia perdura.","Esta semana es para quienes saben que su momento no es eterno.","https://lainversionsiesparati.com/av066/?r={{ad.id}}","https://lainversionsiesparati.com/av066/?r=AY{creative}"
"AV067","AV2724","DISEÑADORES E ILUSTRADORES VISUALES (GRÁFICOS, UX, ANIMADORES, 2D/3D/CGI)","Creas mundos visuales para otros… pero el tuyo aún se tambalea.","Tu talento no debería vivir del encargo en encargo.","Esta semana te muestra otra forma de construir base.","https://lainversionsiesparati.com/av067/?r={{ad.id}}","https://lainversionsiesparati.com/av067/?r=AY{creative}"
"AV068","AV2725","DIVORCIADOS","Si el plan de vida se rompió, aún puedes construir otro desde ti.","Aunque empezaste de cero, no estás en el punto de partida.","Esta semana es para quienes se dan una segunda oportunidad.","https://lainversionsiesparati.com/av068/?r={{ad.id}}","https://lainversionsiesparati.com/av068/?r=AY{creative}"
"AV069","AV2726","ELECTRICISTAS / INSTALADORES","Arreglas lo que no funciona… pero tu tranquilidad económica sigue colgada.","También puedes generar estabilidad sin cambiar de oficio.","Esta semana es para quienes hacen funcionar todo, menos su dinero.","https://lainversionsiesparati.com/av069/?r={{ad.id}}","https://lainversionsiesparati.com/av069/?r=AY{creative}"
"AV070","AV0802","ENFERMEROS","Turnos partidos, noches sin dormir… y aún sin un plan que te dé estabilidad.","Tu esfuerzo merece algo más que cansancio.","Esta semana es para enfermeros que cuidan sin descanso… y quieren una vida donde la estabilidad no dependa de un turno más.","https://lainversionsiesparati.com/av070/?r={{ad.id}}","https://lainversionsiesparati.com/av070/?r=AY{creative}"
"AV071","AV1908","ENTRENADORES PERSONALES Y TÉCNICOS DEPORTIVOS","Ayudas a otros a cuidarse… pero tu estabilidad financiera sigue en pausa.","Tu vocación merece más que ingresos irregulares.","Esta semana es para quienes enseñan hábitos… y quieren construir también el suyo con el dinero.","https://lainversionsiesparati.com/av071/?r={{ad.id}}","https://lainversionsiesparati.com/av071/?r=AY{creative}"
"AV072","AV1803","ESPIRITUALIDAD","Has trabajado tu interior… pero tu economía aún no refleja tu evolución.","La abundancia no llega solo por vibrar alto.","Esta semana es para quienes buscan paz… también en sus cuentas.","https://lainversionsiesparati.com/av072/?r={{ad.id}}","https://lainversionsiesparati.com/av072/?r=AY{creative}"
"AV073","AV1400","ESTUDIANTES (DE CUALQUIER CARRERA)","La universidad no te lo va a enseñar. Pero puedes aprenderlo tú ahora.","Estás invirtiendo años en formarte, pero nadie te enseña a cuidar de tu dinero.","Empezar hoy —aunque sea con poco— es lo que te va a permitir que el futuro no te pille como al resto: a ciegas.","https://lainversionsiesparati.com/av073/?r={{ad.id}}","https://lainversionsiesparati.com/av073/?r=AY{creative}"
"AV074","AV2728","ESTUDIANTES DE ECONOMÍA, ADE Y AFINES","Años de estudio… y aún sin idea de cómo lograr estabilidad económica real.","Esto no te lo enseñan en la universidad.","Esta semana es para quienes no quieren llegar tarde al dinero.","https://lainversionsiesparati.com/av074/?r={{ad.id}}","https://lainversionsiesparati.com/av074/?r=AY{creative}"
"AV075","AV2729","EX-TRADERS FRUSTRADOS QUE BUSCAN OTRA VÍA","Si ya intentaste con gráficas y adrenalina… y solo obtuviste agotamiento.","No necesitas más riesgo. Necesitas claridad.","Esta semana te muestra que hay otra forma de invertir, sin caos.","https://lainversionsiesparati.com/av075/?r={{ad.id}}","https://lainversionsiesparati.com/av075/?r=AY{creative}"
"AV076","AV0805","FARMACÉUTICOS","Recomiendas soluciones cada día… pero nadie te enseñó a tomar decisiones para tu propio futuro.","Lo que sabes detrás del mostrador no basta para asegurar tu economía.","Esta semana es para farmacéuticos que dan respuestas a diario… y buscan por fin una para su tranquilidad financiera.","https://lainversionsiesparati.com/av076/?r={{ad.id}}","https://lainversionsiesparati.com/av076/?r=AY{creative}"
"AV077","AV0804","FISIOTERAPEUTAS","Cada paciente avanza… pero tú sientes que sigues atrapado en lo mismo.","Tu motivación no debería agotarse por falta de ingresos.","Pasas el día tratando dolores ajenos… pero aún no tienes un plan que alivie el tuyo.","https://lainversionsiesparati.com/av077/?r={{ad.id}}","https://lainversionsiesparati.com/av077/?r=AY{creative}"
"AV078","AV2730","FONTANEROS Y SOLDADORES","Arreglas lo que otros no saben… pero tu dinero sigue con fugas.","El esfuerzo no basta si no hay dirección.","Esta semana es para quienes trabajan duro y aún no ven frutos.","https://lainversionsiesparati.com/av078/?r={{ad.id}}","https://lainversionsiesparati.com/av078/?r=AY{creative}"
"AV079","AV2732","FUNCIONARIOS QUE BUSCAN RENTABILIDAD SIN RIESGO","Invertir no es arriesgarlo todo.","Has conseguido estabilidad donde otros solo sueñan.","Invertir no es arriesgarlo todo, es aprender cómo proteger lo que ya tienen y hacerlo crecer con cabeza.","https://lainversionsiesparati.com/av079/?r={{ad.id}}","https://lainversionsiesparati.com/av079/?r=AY{creative}"
"AV080","AV1806","GAMERS","Dominas los juegos… pero el nivel de tus finanzas sigue en modo principiante.","Esto no va de suerte ni de trucos.","Esta semana es para quienes quieren pasar al siguiente nivel de verdad.","https://lainversionsiesparati.com/av080/?r={{ad.id}}","https://lainversionsiesparati.com/av080/?r=AY{creative}"
"AV081","AV2733","GUARDIAS DE SEGURIDAD","Vigilas que todo esté en orden… pero tu estabilidad financiera sigue sin tener quien la proteja.","Estás pendiente de todo… menos de lo que pasa con tu dinero.","Esta semana es para quienes están siempre alerta… pero quieren dejar de vivir con el miedo al “qué pasará”.","https://lainversionsiesparati.com/av081/?r={{ad.id}}","https://lainversionsiesparati.com/av081/?r=AY{creative}"
"AV082","AV1904","INFLUENCERS","Generas visibilidad… pero tu dinero sigue invisible al largo plazo.","No se trata solo de crecer seguidores, también tu seguridad.","Esta semana es para quienes saben vender… pero aún no se compran tranquilidad.","https://lainversionsiesparati.com/av082/?r={{ad.id}}","https://lainversionsiesparati.com/av082/?r=AY{creative}"
"AV083","AV2737","JORNALEROS AGRÍCOLAS / TEMPOREROS","Sabes lo que cuesta que algo crezca… y con tu dinero, no lo consigues.","Tu trabajo alimenta al mundo. ¿Pero qué alimenta tu estabilidad?","Esta semana es para quienes cuidan la tierra… pero también quieren cuidar su futuro.","https://lainversionsiesparati.com/av083/?r={{ad.id}}","https://lainversionsiesparati.com/av083/?r=AY{creative}"
"AV084","AV0901","MAESTROS","Formas a otros para el futuro… pero tú vives con dudas sobre el tuyo.","La educación merece mucho más que sueldos ajustados y estrés constante.","Esta semana es para que aprendas la lección más importante: cuidar también de tu propio futuro.","https://lainversionsiesparati.com/av084/?r={{ad.id}}","https://lainversionsiesparati.com/av084/?r=AY{creative}"
"AV085","AV2740","MECÁNICOS Y TÉCNICOS DE AUTOMOCIÓN","Pasas el día arreglando coches… pero nadie te enseñó a poner en marcha tus finanzas.","Tu trabajo es clave para otros, ¿pero quién te ayuda a ti con tu economía?","Esta semana es para quienes ajustan motores a diario y quieren ajustar también su futuro financiero.","https://lainversionsiesparati.com/av085/?r={{ad.id}}","https://lainversionsiesparati.com/av085/?r=AY{creative}"
"AV086","AV1200","MIGRANTES (PAÍSES)","Saliste en busca de oportunidades.","Tu vida ha sido orden, compromiso y entrega.","La Semana de la Inversión es ese punto de partida.","https://lainversionsiesparati.com/av086/?r={{ad.id}}","https://lainversionsiesparati.com/av086/?r=AY{creative}"
"AV087","AV1910","MILITARES","Sirves a tu país. Ahora te toca servirte a ti.","Tu carrera se apoya en la imagen, pero tu libertad depende de lo que hagas con lo que ganas.","Con la Semana de la Inversión puedes empezar a construir un futuro sólido, paso a paso, con método y estrategia.","https://lainversionsiesparati.com/av087/?r={{ad.id}}","https://lainversionsiesparati.com/av087/?r=AY{creative}"
"AV088","AV2783","MILEURISTA","Nunca te alcanza con el sueldo que cobras… pero tampoco sabes cómo cambiar esa situación.","Tu sueldo no te define. Tu estrategia con él, sí.","Esta semana es para quienes viven al límite, pero no se quieren conformar con vivir para trabajar.","https://lainversionsiesparati.com/av088/?r={{ad.id}}","https://lainversionsiesparati.com/av088/?r=AY{creative}"
"AV089","AV1903","MODELOS","Tu imagen te abre puertas, pero tu inteligencia financiera las mantiene abiertas.","Has aprendido a adaptarte, pero no viniste a conformarte.","La Semana de la Inversión es tu oportunidad para transformar tu presente en un futuro sólido.","https://lainversionsiesparati.com/av089/?r={{ad.id}}","https://lainversionsiesparati.com/av089/?r=AY{creative}"
"AV090","AV0801","MÉDICOS","Tu vocación es salvar vidas… pero tu salud financiera sigue en espera.","El trabajo por el que tanto te esforzaste no debería hacerte vivir con incertidumbre.","Esta semana es para quienes lo dan todo por otros…pero quieren empezar a pensar en ellos.","https://lainversionsiesparati.com/av090/?r={{ad.id}}","https://lainversionsiesparati.com/av090/?r=AY{creative}"
"AV091","AV1901","MÚSICOS","Tu arte no está reñido con la inteligencia financiera.","Tienes la voz, el talento y la entrega.","La Semana de la Inversión puede ser tu backstage hacia la libertad.","https://lainversionsiesparati.com/av091/?r={{ad.id}}","https://lainversionsiesparati.com/av091/?r=AY{creative}"
"AV092","AV0803","NUTRICIONISTAS","Das soluciones a largo plazo… pero ¿y tú, ya pensaste en la tuya financiera?","No se trata de ganar más, sino de hacer que rinda.","Esta semana te enseña lo que no aprendiste en la consulta.","https://lainversionsiesparati.com/av092/?r={{ad.id}}","https://lainversionsiesparati.com/av092/?r=AY{creative}"
"AV093","AV2743","OBREROS DE LA CONSTRUCCIÓN","Das todo con tus manos… pero la tranquilidad nunca llega.","El esfuerzo físico no te da descanso futuro.","Esta semana es para quienes trabajan duro… y merecen algo más.","https://lainversionsiesparati.com/av093/?r={{ad.id}}","https://lainversionsiesparati.com/av093/?r=AY{creative}"
"AV094","AV2744","OFICINISTAS / ADMINISTRATIVOS","Si llevas años ordenando el trabajo de otros, ya toca pensar en ti.","El futuro no se organiza solo.","Esta semana te muestra una forma diferente de avanzar.","https://lainversionsiesparati.com/av094/?r={{ad.id}}","https://lainversionsiesparati.com/av094/?r=AY{creative}"
"AV095","AV2745","OPERADORES DE MAQUINARIA PESADA","Mueves toneladas con precisión… pero no sabes cómo mover tu dinero con estrategia.","La estabilidad que controlas con máquinas, aún no la logras en tu cuenta bancaria.","Esta semana es para quienes dominan máquinas enormes… pero quieren aprender a controlar su dinero.","https://lainversionsiesparati.com/av095/?r={{ad.id}}","https://lainversionsiesparati.com/av095/?r=AY{creative}"
"AV096","AV2746","OPERARIOS DE PRODUCCIÓN / FABRICACIÓN","Eres pieza clave del sistema… pero no ves recompensado tu esfuerzo en tu vida personal.","Tu valor no se mide solo en productividad. También en libertad y bienestar económico.","Esta semana es para quienes trabajan en cadena… pero quieren cortar con la rueda del “vivir al día”.","https://lainversionsiesparati.com/av096/?r={{ad.id}}","https://lainversionsiesparati.com/av096/?r=AY{creative}"
"AV097","AV0506","PADRES Y MADRES DE HIJOS ADOLESCENTES","Tus hijos crecen… y tus responsabilidades también.","Ahora que vuelan más solos, tú cargas con más peso.","Esta semana es para quienes guían a sus hijos hacia la vida adulta… y quieren asegurar un futuro estable para todos.","https://lainversionsiesparati.com/av097/?r={{ad.id}}","https://lainversionsiesparati.com/av097/?r=AY{creative}"
"AV098","AV0505","PADRES Y MADRES DE HIJOS EN EDAD ESCOLAR (6-12 AÑOS)","El cole empieza… y también los gastos, las dudas y la culpa por no llegar a todo.","Criarlos es una misión diaria. Planear su futuro, una urgencia silenciosa.","Esta semana es para quienes sostienen el ritmo escolar… y buscan cómo darles una verdadera libertad a sus hijos.","https://lainversionsiesparati.com/av098/?r={{ad.id}}","https://lainversionsiesparati.com/av098/?r=AY{creative}"
"AV099","AV0504","PADRES Y MADRES DE HIJOS PEQUEÑOS (0-6 AÑOS)","Tu vida gira en torno a ellos, pero, ¿quién cuida de tu tranquilidad financiera?","Si tu energía está con tus hijos, tu dinero debería estar bien cuidado.","Esta semana es para quienes crían sin descanso… y sueñan con un futuro más estable.","https://lainversionsiesparati.com/av099/?r={{ad.id}}","https://lainversionsiesparati.com/av099/?r=AY{creative}"
"AV100","AV2748","PERIODISTAS DEPORTIVOS / ESPECIALIZADOS","Cuentas historias de éxito a diario… pero tu cuenta sigue en fuera de juego cada mes.","No basta con narrar grandes jugadas. También hay que aprender a hacerlas con tu dinero.","Esta semana es para quienes narran el juego de otros… pero quieren empezar a ganar el suyo.","https://lainversionsiesparati.com/av100/?r={{ad.id}}","https://lainversionsiesparati.com/av100/?r=AY{creative}"
"AV101","AV2749","PERIODISTAS Y COMUNICADORES","Informas con claridad cada día… pero cuando se trata de tu dinero, lo ves todo borroso.","Tu talento no debería vivir al borde de la incertidumbre económica.","Esta semana es para quienes escriben titulares cada día… pero sueñan con uno propio: libertad financiera.","https://lainversionsiesparati.com/av101/?r={{ad.id}}","https://lainversionsiesparati.com/av101/?r=AY{creative}"
"AV102","AV2750","PERSONAL DE LIMPIEZA","Dejas todo impecable a diario… pero sientes que tu futuro sigue empañado de incertidumbre.","Tu esfuerzo merece algo más que vivir contando los euros para llegar a fin de mes.","Esta semana es para quienes cuidan cada detalle… y quieren cuidar también su bienestar económico.","https://lainversionsiesparati.com/av102/?r={{ad.id}}","https://lainversionsiesparati.com/av102/?r=AY{creative}"
"AV103","AV2751","PERSONAL DE VIGILANCIA / CONTROL","Proteges todo… menos tu tranquilidad financiera.","Estás para otros, pero tu futuro sigue sin respaldo.","Esta semana es para quienes cuidan… y ya quieren cuidarse.","https://lainversionsiesparati.com/av103/?r={{ad.id}}","https://lainversionsiesparati.com/av103/?r=AY{creative}"
"AV104","AV2304","PERSONAS CON TDA","Has probado mil métodos para organizarte, pero ¿y si el problema no era ese?","Tu mente tiene un ritmo único, y eso también puede ser una ventaja.","Por eso esta semana no es una más: es la Semana de la Inversión si es para ti.","https://lainversionsiesparati.com/av104/?r={{ad.id}}","https://lainversionsiesparati.com/av104/?r=AY{creative}"
"AV105","AV2305","PERSONAS CON TOC","Controlar cada céntimo a veces no es seguridad: es ansiedad.","Tu necesidad de control puede ser tu aliada.","Esta semana no es solo de inversión, es una semana para sanar tu relación con el control.","https://lainversionsiesparati.com/av105/?r={{ad.id}}","https://lainversionsiesparati.com/av105/?r=AY{creative}"
"AV106","AV2303","PERSONAS CON ADICCIONES","Invertir en ti mismo puede ser el primer paso para creer que puedes volver a construir desde cero.","Esta es la Semana de la Inversión si es para ti.","El primer paso hacia la libertad no es solo dejar atrás lo que te daña, es aprender a tomar el control de lo que tienes.","https://lainversionsiesparati.com/av106/?r={{ad.id}}","https://lainversionsiesparati.com/av106/?r=AY{creative}"
"AV107","AV2752","PERSONAS CON BURNOUT","Trabajas sin parar, pero cada día cuesta más sostener el ritmo… y el equilibrio económico.","Si lo das todo por fuera, también mereces paz por dentro. Y en tu cuenta.","Esta semana es para quienes ya no pueden más… y buscan una salida que les devuelva el control.","https://lainversionsiesparati.com/av107/?r={{ad.id}}","https://lainversionsiesparati.com/av107/?r=AY{creative}"
"AV108","AV2302","PERSONAS CON FOBIAS","El miedo también se entrena.","El miedo puede limitarte, pero el control sobre tu dinero no tiene que ser uno de esos miedos.","Esta semana no es una más, es la Semana de la Inversión si es para ti.","https://lainversionsiesparati.com/av108/?r={{ad.id}}","https://lainversionsiesparati.com/av108/?r=AY{creative}"
"AV109","AV2762","PILOTOS Y PERSONAL AERONÁUTICO","Vuelas alto en tu trabajo… pero tu dinero sigue atado a tierra sin un plan claro.","La seguridad que das arriba también la mereces abajo.","Esta semana es para quienes viven en el aire… pero buscan aterrizar su libertad financiera.","https://lainversionsiesparati.com/av109/?r={{ad.id}}","https://lainversionsiesparati.com/av109/?r=AY{creative}"
"AV110","AV1909","POLICÍA","Eres quien responde en emergencias… ¿pero quién cuida tu estabilidad?","Siempre estás para todos. Ya toca pensar en ti.","Esta semana es para quienes viven al límite, pero quieren calma.","https://lainversionsiesparati.com/av110/?r={{ad.id}}","https://lainversionsiesparati.com/av110/?r=AY{creative}"
"AV111","AV0900","PROFESIONALES DE EDUCACIÓN","Preparas a tus alumnos para la vida… pero no a tu dinero para el futuro.","Sabes enseñar a otros, pero nunca te enseñaron a invertir en ti.","Esta semana puedes aprender una lección distinta: cómo cuidar de tu seguridad financiera.","https://lainversionsiesparati.com/av111/?r={{ad.id}}","https://lainversionsiesparati.com/av111/?r=AY{creative}"
"AV112","AV2763","PROFESIONALES DE LAS TIC","Resuelves problemas complejos cada día… pero tus finanzas siguen fuera de tu sistema de control.","Tanto conocimiento merece también estabilidad personal.","Esta semana es para quienes dominan la tecnología… pero aún no saben cómo hacer crecer su dinero.","https://lainversionsiesparati.com/av112/?r={{ad.id}}","https://lainversionsiesparati.com/av112/?r=AY{creative}"
"AV113","AV2764","PROFESIONALES DE VENTAS Y MARKETING","Tu sueldo depende de lo que vendes… ¿y si aprendieras a multiplicarlo?","Mover dinero no es vender más, es hacerlo con cabeza.","Esta semana es para quienes ya saben generar… pero no conservar.","https://lainversionsiesparati.com/av113/?r={{ad.id}}","https://lainversionsiesparati.com/av113/?r=AY{creative}"
"AV114","AV2765","PROGRAMADORES Y TÉCNICOS TIC","Tu código es sólido… pero tu economía aún está llena de errores que nadie te enseñó a solucionar.","Eres bueno optimizando… solo te falta hacerlo con tus finanzas.","Esta semana es para quienes automatizan procesos… pero quieren diseñar ellos mismos su futuro.","https://lainversionsiesparati.com/av114/?r={{ad.id}}","https://lainversionsiesparati.com/av114/?r=AY{creative}"
"AV115","AV2766","PROPIETARIOS DE 1 O MÁS VIVIENDAS SIN RENTABILIZAR","Tienes propiedades… pero sabes que tener ladrillos no es lo mismo que tener libertad.","Tu patrimonio puede darte mucho más si lo pones a trabajar con inteligencia.","Esta semana es para quienes no quieren más pisos vacíos… sino una estrategia que sí dé rentabilidad.","https://lainversionsiesparati.com/av115/?r={{ad.id}}","https://lainversionsiesparati.com/av115/?r=AY{creative}"
"AV116","AV0806","PSICÓLOGOS CLÍNICOS Y EDUCATIVOS","Escuchas problemas ajenos cada día… y pospones resolver los tuyos.","Cuidas lo emocional, pero sigues viviendo con ansiedad económica.","Puedes seguir ayudando a otros sin descuidarte tú. Esta semana marca el inicio de tu propia estabilidad.","https://lainversionsiesparati.com/av116/?r={{ad.id}}","https://lainversionsiesparati.com/av116/?r=AY{creative}"
"AV117","AV2767","PSICOPEDAGOGOS Y MAESTROS DE APOYO","Das herramientas a otros para avanzar… pero sientes que tú llevas tiempo sin moverte del sitio.","Tu vocación transforma vidas, pero no te ha dado la estabilidad que tú también necesitas.","Esta semana es para quienes dan apoyo constante… pero también merecen respaldo financiero real.","https://lainversionsiesparati.com/av117/?r={{ad.id}}","https://lainversionsiesparati.com/av117/?r=AY{creative}"
"AV118","AV2768","RECEPCIONISTAS / ATENCIÓN AL CLIENTE","Eres la cara amable de todo… pero tu cuenta no refleja el esfuerzo que haces cada día.","Estás para todos, todo el tiempo… pero aún no estás para ti cuando se trata de dinero.","Esta semana es para quienes sonríen cada día… pero quieren dejar de preocuparse cada fin de mes.","https://lainversionsiesparati.com/av118/?r={{ad.id}}","https://lainversionsiesparati.com/av118/?r=AY{creative}"
"AV119","AV1911","SETTER","No se trata solo de cerrar ventas, sino de construir activos.","No se trata solo de agendar citas: se trata de construir activos propios.","Tu trabajo exige dedicación y esfuerzo, pero también es momento de aprender a dejar que tu dinero trabaje para ti.","https://lainversionsiesparati.com/av119/?r={{ad.id}}","https://lainversionsiesparati.com/av119/?r=AY{creative}"
"AV120","AV2769","TÉCNICOS AGRÍCOLAS / AGROINDUSTRIA","Sientes que tu esfuerzo vale más de lo que refleja tu cuenta bancaria.","El campo te ha enseñado a ser constante y perseverante.","La Semana de la Inversión no es solo para financieros: es para quienes quieren un cambio real, incluso desde el campo.","https://lainversionsiesparati.com/av120/?r={{ad.id}}","https://lainversionsiesparati.com/av120/?r=AY{creative}"
"AV121","AV2770","TÉCNICOS CONTABLES / FINANCIEROS","Llevas cuentas, balances y proyecciones… pero tus finanzas personales no siguen ese orden.","Saber de números no siempre implica saber usarlos para uno mismo.","Esta semana es para quienes gestionan los números de otros… y quieren aprender a gestionar los suyos.","https://lainversionsiesparati.com/av121/?r={{ad.id}}","https://lainversionsiesparati.com/av121/?r=AY{creative}"
"AV122","AV2771","TÉCNICOS DE CIBERSEGURIDAD","Proteges sistemas todos los días… pero tu dinero sigue vulnerable sin un plan claro.","Tu seguridad digital es fuerte. Ahora toca fortalecer la financiera.","Esta semana es para quienes aseguran sistemas ajenos… pero aún no han asegurado su libertad financiera.","https://lainversionsiesparati.com/av122/?r={{ad.id}}","https://lainversionsiesparati.com/av122/?r=AY{creative}"
"AV123","AV2772","TÉCNICOS DE MANTENIMIENTO INDUSTRIAL","Revisas que todo funcione… pero nadie te enseñó cómo hacer que tus finanzas funcionen también.","Evitas que todo se detenga… pero tu tranquilidad financiera sigue sin funcionar bien.","Esta semana es para quienes reparan todo en su trabajo, pero no saben por dónde empezar con su dinero.","https://lainversionsiesparati.com/av123/?r={{ad.id}}","https://lainversionsiesparati.com/av123/?r=AY{creative}"
"AV124","AV2773","TÉCNICOS EN TELECOMUNICACIONES","Resuelves cortes y caídas de red… pero tu estabilidad financiera sigue sin buena conexión.","Sabes cómo llegar lejos con tecnología. Falta hacerlo con tu dinero.","Esta semana es para quienes conectan a otros cada día, y quieren empezar a conectarse con su futuro.","https://lainversionsiesparati.com/av124/?r={{ad.id}}","https://lainversionsiesparati.com/av124/?r=AY{creative}"
"AV125","AV2774","TRADERS DE BOLSA","Sabes leer el mercado, pero aún no has trazado un plan sólido para ti.","El trading es parte del juego. Pero no es toda la jugada.","Esta semana es para quienes operan con lógica… pero buscan estabilidad más allá del gráfico.","https://lainversionsiesparati.com/av125/?r={{ad.id}}","https://lainversionsiesparati.com/av125/?r=AY{creative}"
"AV126","AV2775","TRADERS DE CRIPTOMONEDAS","Vives pendiente del mercado, pero tu tranquilidad no debería depender de una vela roja.","No todo es volatilidad. También existe la estrategia.","Esta semana es para quienes saben de riesgo… y ahora quieren seguridad sin renunciar a crecer.","https://lainversionsiesparati.com/av126/?r={{ad.id}}","https://lainversionsiesparati.com/av126/?r=AY{creative}"
"AV127","AV2776","TRADUCTORES E INTÉRPRETES","Das sentido a lo que otros no entienden, pero nadie tradujo para ti las reglas del dinero.","Tu valor cruza idiomas. Ahora también puede cruzar hacia tu libertad financiera.","Esta semana es para quienes hacen de puente… y buscan uno hacia su propia tranquilidad.","https://lainversionsiesparati.com/av127/?r={{ad.id}}","https://lainversionsiesparati.com/av127/?r=AY{creative}"
"AV128","AV1805","VIAJERO","Si tu vida está hecha para recorrer el mundo.","Invertir sabiamente te permitirá mantener tu estilo de vida sin tener que preocuparte por tu futuro.","La Semana de la Inversión te mostrará cómo crear libertad sin renunciar a tu estilo de vida.","https://lainversionsiesparati.com/av128/?r={{ad.id}}","https://lainversionsiesparati.com/av128/?r=AY{creative}"
"AV129","AV1802","VOLUNTARIO","Siempre estás para otros… pero tú también necesitas apoyo a futuro.","Acompañar no basta si tú quedas para lo último.","Esta semana es para quienes se olvidan de sí mismos.","https://lainversionsiesparati.com/av129/?r={{ad.id}}","https://lainversionsiesparati.com/av129/?r=AY{creative}"
"AV130","AV1801","YOGUI","La verdadera paz también incluye tu relación con el dinero.","Buscar equilibrio en tu vida es importante, pero también lo es en tus finanzas.","La Semana de la Inversión puede enseñarte cómo integrarlo sin renunciar a tu esencia.","https://lainversionsiesparati.com/av130/?r={{ad.id}}","https://lainversionsiesparati.com/av130/?r=AY{creative}"
"AV131","AV2782","MUJERES","","","","https://lainversionsiesparati.com/av131/?r={{ad.id}}","https://lainversionsiesparati.com/av131/?r=AY{creative}"
"AV132","AV2781","SANITARIOS","","","","https://lainversionsiesparati.com/av132/?r={{ad.id}}","https://lainversionsiesparati.com/av132/?r=AY{creative}"
